"resp","task","choice","brand","ad","price"
1,1,1,"N","Yes",28
1,1,0,"H","Yes",16
1,1,0,"P","Yes",16
1,2,0,"N","Yes",32
1,2,1,"P","Yes",16
1,2,0,"N","Yes",24
1,3,0,"P","No",8
1,3,1,"H","Yes",24
1,3,0,"N","No",24
1,4,0,"P","No",28
1,4,0,"P","Yes",12
1,4,1,"P","Yes",24
1,5,1,"N","Yes",20
1,5,0,"H","No",28
1,5,0,"P","Yes",16
1,6,1,"H","No",12
1,6,0,"H","Yes",16
1,6,0,"P","Yes",28
1,7,0,"H","Yes",12
1,7,1,"P","No",32
1,7,0,"N","No",12
1,8,0,"N","Yes",12
1,8,0,"H","Yes",24
1,8,1,"P","Yes",28
1,9,0,"P","No",24
1,9,0,"P","No",8
1,9,1,"P","Yes",12
1,10,1,"H","No",16
1,10,0,"H","Yes",28
1,10,0,"H","Yes",24
2,1,0,"H","Yes",16
2,1,1,"P","No",32
2,1,0,"P","Yes",24
2,2,0,"H","No",24
2,2,0,"H","No",8
2,2,1,"P","Yes",12
2,3,0,"N","Yes",28
2,3,0,"P","No",16
2,3,1,"N","No",28
2,4,0,"N","Yes",24
2,4,1,"N","No",20
2,4,0,"H","No",32
2,5,1,"P","No",20
2,5,0,"P","No",28
2,5,0,"N","No",32
2,6,0,"N","Yes",28
2,6,1,"H","No",24
2,6,0,"P","No",28
2,7,1,"N","Yes",12
2,7,0,"H","Yes",8
2,7,0,"P","No",20
2,8,0,"H","Yes",20
2,8,0,"N","Yes",32
2,8,1,"P","Yes",12
2,9,1,"H","No",32
2,9,0,"N","No",28
2,9,0,"N","No",12
2,10,0,"P","Yes",20
2,10,1,"P","No",16
2,10,0,"P","No",28
3,1,0,"H","No",24
3,1,0,"H","Yes",16
3,1,1,"H","No",20
3,2,1,"N","Yes",12
3,2,0,"P","No",24
3,2,0,"H","Yes",16
3,3,0,"P","Yes",28
3,3,1,"N","Yes",12
3,3,0,"H","Yes",24
3,4,1,"N","No",16
3,4,0,"H","No",20
3,4,0,"P","Yes",28
3,5,0,"H","No",28
3,5,1,"N","Yes",20
3,5,0,"N","Yes",24
3,6,0,"H","Yes",12
3,6,0,"N","Yes",12
3,6,1,"N","No",28
3,7,0,"H","Yes",32
3,7,0,"N","No",8
3,7,1,"N","Yes",8
3,8,0,"N","Yes",24
3,8,1,"N","No",16
3,8,0,"H","No",20
3,9,0,"P","Yes",20
3,9,1,"N","No",32
3,9,0,"H","Yes",8
3,10,1,"N","No",20
3,10,0,"P","Yes",20
3,10,0,"P","No",12
4,1,0,"H","Yes",20
4,1,1,"P","Yes",8
4,1,0,"N","Yes",16
4,2,1,"P","Yes",12
4,2,0,"P","Yes",28
4,2,0,"H","No",28
4,3,1,"N","No",16
4,3,0,"P","No",20
4,3,0,"H","Yes",28
4,4,0,"N","Yes",24
4,4,0,"P","Yes",12
4,4,1,"H","No",16
4,5,0,"N","Yes",12
4,5,0,"H","No",32
4,5,1,"N","No",12
4,6,0,"P","No",20
4,6,1,"P","Yes",24
4,6,0,"H","Yes",28
4,7,1,"N","No",12
4,7,0,"N","Yes",16
4,7,0,"P","No",12
4,8,1,"N","Yes",12
4,8,0,"N","Yes",24
4,8,0,"P","No",20
4,9,0,"H","No",20
4,9,0,"H","Yes",12
4,9,1,"N","Yes",32
4,10,0,"H","No",8
4,10,0,"H","Yes",24
4,10,1,"N","Yes",8
5,1,0,"P","No",16
5,1,1,"P","No",24
5,1,0,"P","Yes",24
5,2,0,"P","Yes",24
5,2,1,"P","No",32
5,2,0,"P","Yes",20
5,3,0,"N","Yes",28
5,3,0,"P","No",24
5,3,1,"P","No",16
5,4,0,"P","Yes",20
5,4,0,"P","No",28
5,4,1,"N","Yes",24
5,5,1,"N","No",8
5,5,0,"N","No",12
5,5,0,"H","Yes",28
5,6,1,"P","Yes",12
5,6,0,"N","Yes",24
5,6,0,"H","Yes",20
5,7,1,"N","Yes",28
5,7,0,"H","No",8
5,7,0,"N","Yes",12
5,8,1,"P","No",16
5,8,0,"N","No",24
5,8,0,"N","No",32
5,9,1,"P","Yes",20
5,9,0,"H","No",16
5,9,0,"P","No",24
5,10,1,"P","Yes",8
5,10,0,"N","Yes",16
5,10,0,"H","No",20
6,1,1,"H","No",16
6,1,0,"P","Yes",8
6,1,0,"N","Yes",32
6,2,1,"N","Yes",16
6,2,0,"H","No",8
6,2,0,"P","Yes",32
6,3,1,"N","No",16
6,3,0,"P","No",28
6,3,0,"H","No",28
6,4,0,"P","No",20
6,4,1,"H","Yes",8
6,4,0,"N","Yes",28
6,5,0,"P","No",20
6,5,0,"H","Yes",8
6,5,1,"H","Yes",12
6,6,0,"N","Yes",28
6,6,1,"H","No",24
6,6,0,"H","Yes",12
6,7,0,"P","No",32
6,7,0,"N","No",24
6,7,1,"P","No",24
6,8,0,"N","Yes",32
6,8,0,"H","Yes",28
6,8,1,"N","Yes",20
6,9,1,"P","No",16
6,9,0,"H","No",12
6,9,0,"H","No",24
6,10,1,"H","Yes",8
6,10,0,"H","No",16
6,10,0,"P","Yes",28
7,1,1,"N","No",32
7,1,0,"P","Yes",28
7,1,0,"P","Yes",24
7,2,1,"P","Yes",20
7,2,0,"P","No",24
7,2,0,"H","No",32
7,3,0,"P","Yes",12
7,3,0,"H","Yes",32
7,3,1,"N","No",12
7,4,0,"N","No",32
7,4,0,"P","No",12
7,4,1,"P","Yes",8
7,5,0,"N","Yes",28
7,5,0,"H","No",24
7,5,1,"N","No",20
7,6,0,"P","No",8
7,6,0,"H","No",28
7,6,1,"H","Yes",28
7,7,1,"H","No",12
7,7,0,"N","No",24
7,7,0,"P","Yes",8
7,8,0,"H","No",8
7,8,1,"N","No",16
7,8,0,"H","Yes",16
7,9,0,"H","Yes",28
7,9,0,"H","No",32
7,9,1,"P","No",12
7,10,1,"N","No",12
7,10,0,"H","No",20
7,10,0,"N","No",24
8,1,1,"P","Yes",20
8,1,0,"H","Yes",12
8,1,0,"P","No",12
8,2,1,"P","No",8
8,2,0,"P","No",24
8,2,0,"H","No",8
8,3,0,"P","No",12
8,3,1,"H","No",8
8,3,0,"P","Yes",28
8,4,0,"P","Yes",28
8,4,0,"H","Yes",24
8,4,1,"H","No",24
8,5,1,"N","No",24
8,5,0,"H","Yes",8
8,5,0,"N","No",32
8,6,0,"H","No",32
8,6,0,"H","No",24
8,6,1,"N","No",12
8,7,1,"H","No",28
8,7,0,"P","No",32
8,7,0,"N","Yes",24
8,8,0,"N","No",20
8,8,1,"H","No",20
8,8,0,"H","Yes",32
8,9,1,"N","Yes",32
8,9,0,"H","Yes",16
8,9,0,"N","No",16
8,10,0,"N","Yes",32
8,10,0,"H","Yes",32
8,10,1,"N","No",16
9,1,1,"H","No",24
9,1,0,"N","No",12
9,1,0,"N","No",28
9,2,1,"P","Yes",20
9,2,0,"P","Yes",16
9,2,0,"H","No",8
9,3,1,"P","Yes",12
9,3,0,"P","No",12
9,3,0,"H","Yes",20
9,4,0,"P","No",20
9,4,0,"P","Yes",12
9,4,1,"N","No",12
9,5,1,"H","No",8
9,5,0,"N","No",32
9,5,0,"H","No",32
9,6,0,"P","Yes",28
9,6,0,"P","No",28
9,6,1,"N","No",24
9,7,0,"P","No",8
9,7,1,"P","No",12
9,7,0,"P","Yes",20
9,8,1,"N","No",12
9,8,0,"N","Yes",12
9,8,0,"P","Yes",32
9,9,1,"P","No",20
9,9,0,"N","No",28
9,9,0,"H","No",20
9,10,0,"P","No",20
9,10,1,"P","No",12
9,10,0,"H","Yes",28
10,1,1,"H","Yes",8
10,1,0,"H","Yes",28
10,1,0,"H","No",24
10,2,0,"N","No",32
10,2,0,"P","Yes",20
10,2,1,"P","Yes",16
10,3,0,"N","No",32
10,3,0,"P","No",28
10,3,1,"N","Yes",28
10,4,1,"N","No",20
10,4,0,"P","No",24
10,4,0,"H","Yes",28
10,5,1,"N","Yes",28
10,5,0,"P","Yes",12
10,5,0,"H","No",20
10,6,0,"N","Yes",32
10,6,0,"P","Yes",28
10,6,1,"P","No",16
10,7,1,"P","No",20
10,7,0,"P","Yes",24
10,7,0,"H","No",28
10,8,1,"H","No",28
10,8,0,"H","Yes",8
10,8,0,"H","Yes",32
10,9,0,"P","Yes",24
10,9,1,"N","No",24
10,9,0,"H","No",32
10,10,0,"P","Yes",32
10,10,1,"N","No",12
10,10,0,"H","No",32
11,1,0,"N","No",16
11,1,1,"P","Yes",8
11,1,0,"N","No",32
11,2,1,"P","Yes",12
11,2,0,"P","No",32
11,2,0,"H","No",32
11,3,0,"H","Yes",28
11,3,0,"H","Yes",8
11,3,1,"N","No",32
11,4,1,"N","Yes",12
11,4,0,"N","Yes",16
11,4,0,"P","No",24
11,5,0,"N","No",16
11,5,1,"N","Yes",12
11,5,0,"H","No",28
11,6,0,"H","Yes",24
11,6,1,"N","Yes",16
11,6,0,"P","Yes",20
11,7,0,"P","No",32
11,7,1,"H","No",12
11,7,0,"P","Yes",12
11,8,1,"N","Yes",20
11,8,0,"H","Yes",32
11,8,0,"P","No",20
11,9,0,"N","Yes",12
11,9,0,"N","No",8
11,9,1,"N","No",12
11,10,1,"H","Yes",8
11,10,0,"N","Yes",32
11,10,0,"P","Yes",16
12,1,1,"H","Yes",28
12,1,0,"N","Yes",20
12,1,0,"N","Yes",32
12,2,0,"H","No",24
12,2,1,"N","No",8
12,2,0,"P","Yes",24
12,3,0,"H","No",28
12,3,1,"N","Yes",20
12,3,0,"P","No",28
12,4,1,"P","No",20
12,4,0,"P","No",32
12,4,0,"N","Yes",24
12,5,0,"H","Yes",20
12,5,0,"P","No",8
12,5,1,"H","No",12
12,6,0,"N","No",8
12,6,0,"P","No",20
12,6,1,"P","Yes",12
12,7,1,"N","Yes",32
12,7,0,"P","No",12
12,7,0,"H","Yes",16
12,8,0,"H","No",32
12,8,1,"H","Yes",16
12,8,0,"P","No",32
12,9,0,"N","Yes",24
12,9,0,"H","No",28
12,9,1,"H","Yes",8
12,10,0,"N","No",32
12,10,0,"N","Yes",32
12,10,1,"H","No",20
13,1,1,"P","No",12
13,1,0,"N","No",12
13,1,0,"P","No",24
13,2,0,"P","Yes",28
13,2,0,"N","Yes",24
13,2,1,"P","No",12
13,3,0,"N","Yes",28
13,3,0,"N","No",12
13,3,1,"H","No",20
13,4,0,"N","No",12
13,4,1,"P","Yes",12
13,4,0,"P","Yes",28
13,5,1,"P","No",16
13,5,0,"P","Yes",20
13,5,0,"H","Yes",28
13,6,1,"N","No",12
13,6,0,"P","Yes",8
13,6,0,"H","Yes",16
13,7,1,"P","No",28
13,7,0,"P","Yes",8
13,7,0,"H","No",8
13,8,0,"H","Yes",12
13,8,0,"P","No",20
13,8,1,"N","Yes",24
13,9,0,"P","Yes",12
13,9,1,"P","No",24
13,9,0,"H","Yes",20
13,10,0,"N","No",28
13,10,0,"P","No",32
13,10,1,"P","No",12
14,1,1,"P","No",12
14,1,0,"H","Yes",28
14,1,0,"H","No",32
14,2,0,"H","Yes",20
14,2,1,"N","No",12
14,2,0,"H","Yes",8
14,3,0,"N","No",32
14,3,0,"N","No",24
14,3,1,"N","Yes",16
14,4,0,"H","No",8
14,4,0,"P","No",20
14,4,1,"P","No",16
14,5,1,"N","Yes",16
14,5,0,"P","Yes",12
14,5,0,"P","Yes",32
14,6,0,"N","Yes",12
14,6,1,"N","Yes",20
14,6,0,"N","No",32
14,7,0,"P","Yes",24
14,7,0,"H","Yes",24
14,7,1,"P","No",16
14,8,0,"P","Yes",20
14,8,0,"H","Yes",24
14,8,1,"N","No",12
14,9,0,"N","Yes",28
14,9,1,"N","Yes",20
14,9,0,"H","No",16
14,10,1,"H","Yes",20
14,10,0,"P","No",24
14,10,0,"H","No",28
15,1,0,"P","No",8
15,1,1,"P","Yes",8
15,1,0,"H","No",16
15,2,0,"N","Yes",16
15,2,0,"P","Yes",32
15,2,1,"H","No",16
15,3,0,"P","No",24
15,3,1,"N","No",20
15,3,0,"N","Yes",20
15,4,0,"P","Yes",8
15,4,1,"P","No",8
15,4,0,"H","Yes",20
15,5,0,"P","No",20
15,5,1,"H","Yes",8
15,5,0,"H","Yes",16
15,6,0,"N","Yes",12
15,6,1,"N","No",28
15,6,0,"N","Yes",28
15,7,0,"N","No",32
15,7,0,"H","Yes",12
15,7,1,"H","Yes",16
15,8,1,"P","Yes",12
15,8,0,"N","Yes",8
15,8,0,"H","Yes",12
15,9,0,"P","No",12
15,9,1,"N","No",8
15,9,0,"N","No",32
15,10,0,"H","No",16
15,10,1,"P","Yes",16
15,10,0,"H","Yes",8
16,1,1,"N","No",24
16,1,0,"P","No",24
16,1,0,"H","Yes",32
16,2,1,"H","No",20
16,2,0,"N","No",32
16,2,0,"H","Yes",28
16,3,1,"H","No",8
16,3,0,"N","Yes",24
16,3,0,"P","Yes",24
16,4,0,"P","Yes",12
16,4,1,"N","No",16
16,4,0,"H","Yes",32
16,5,0,"H","No",24
16,5,0,"N","Yes",24
16,5,1,"H","Yes",8
16,6,1,"P","Yes",20
16,6,0,"P","No",28
16,6,0,"P","Yes",16
16,7,1,"H","No",20
16,7,0,"H","No",24
16,7,0,"P","Yes",12
16,8,0,"N","No",20
16,8,0,"P","No",16
16,8,1,"H","Yes",12
16,9,1,"N","No",16
16,9,0,"P","Yes",24
16,9,0,"P","No",28
16,10,0,"N","Yes",16
16,10,1,"H","No",28
16,10,0,"N","Yes",24
17,1,1,"N","Yes",16
17,1,0,"H","Yes",20
17,1,0,"N","Yes",24
17,2,1,"N","Yes",16
17,2,0,"H","No",32
17,2,0,"P","No",28
17,3,0,"N","Yes",16
17,3,1,"P","No",20
17,3,0,"N","No",24
17,4,0,"P","Yes",32
17,4,0,"H","No",20
17,4,1,"N","No",16
17,5,0,"P","Yes",28
17,5,1,"H","Yes",24
17,5,0,"H","Yes",16
17,6,1,"N","No",12
17,6,0,"N","No",20
17,6,0,"H","No",28
17,7,0,"N","Yes",32
17,7,0,"H","Yes",24
17,7,1,"H","Yes",12
17,8,1,"P","No",20
17,8,0,"H","No",12
17,8,0,"H","Yes",16
17,9,0,"N","Yes",12
17,9,1,"P","No",24
17,9,0,"N","No",28
17,10,0,"N","Yes",8
17,10,1,"N","No",12
17,10,0,"H","Yes",32
18,1,0,"P","No",20
18,1,0,"H","No",8
18,1,1,"P","Yes",28
18,2,0,"P","Yes",24
18,2,1,"N","No",16
18,2,0,"P","Yes",8
18,3,0,"N","No",24
18,3,0,"H","Yes",20
18,3,1,"P","No",20
18,4,0,"N","Yes",24
18,4,0,"H","Yes",32
18,4,1,"H","No",8
18,5,0,"N","No",12
18,5,1,"N","No",24
18,5,0,"H","No",12
18,6,0,"H","Yes",28
18,6,0,"H","No",28
18,6,1,"N","Yes",16
18,7,0,"H","No",24
18,7,1,"H","No",16
18,7,0,"H","Yes",32
18,8,0,"H","Yes",8
18,8,0,"N","Yes",24
18,8,1,"P","No",12
18,9,1,"P","No",12
18,9,0,"P","Yes",32
18,9,0,"P","Yes",28
18,10,0,"N","No",20
18,10,0,"P","No",16
18,10,1,"P","No",8
19,1,0,"P","Yes",28
19,1,1,"P","No",28
19,1,0,"H","Yes",24
19,2,0,"H","Yes",16
19,2,1,"P","No",28
19,2,0,"H","No",24
19,3,1,"N","Yes",12
19,3,0,"P","Yes",8
19,3,0,"N","No",16
19,4,0,"H","No",20
19,4,0,"H","Yes",20
19,4,1,"H","No",16
19,5,0,"N","Yes",20
19,5,0,"P","No",8
19,5,1,"N","No",16
19,6,0,"H","Yes",16
19,6,1,"P","Yes",24
19,6,0,"P","Yes",20
19,7,0,"H","No",20
19,7,1,"P","No",16
19,7,0,"N","Yes",12
19,8,0,"N","Yes",16
19,8,0,"P","Yes",16
19,8,1,"N","No",8
19,9,1,"N","No",16
19,9,0,"P","No",32
19,9,0,"H","Yes",12
19,10,0,"N","No",20
19,10,0,"H","No",20
19,10,1,"P","Yes",16
20,1,0,"N","No",32
20,1,1,"N","Yes",28
20,1,0,"H","Yes",32
20,2,0,"P","Yes",16
20,2,1,"N","Yes",8
20,2,0,"P","No",20
20,3,0,"N","Yes",28
20,3,0,"H","Yes",20
20,3,1,"P","No",16
20,4,1,"H","No",12
20,4,0,"P","Yes",28
20,4,0,"N","Yes",20
20,5,0,"P","No",16
20,5,0,"H","Yes",12
20,5,1,"P","No",20
20,6,0,"N","No",16
20,6,0,"P","Yes",12
20,6,1,"P","No",8
20,7,1,"N","No",24
20,7,0,"N","Yes",32
20,7,0,"N","Yes",20
20,8,0,"P","Yes",12
20,8,1,"N","Yes",24
20,8,0,"P","Yes",16
20,9,0,"P","Yes",12
20,9,0,"H","No",20
20,9,1,"P","No",8
20,10,0,"N","Yes",32
20,10,1,"P","No",28
20,10,0,"N","No",8
21,1,1,"N","No",12
21,1,0,"H","No",12
21,1,0,"H","Yes",8
21,2,0,"N","Yes",32
21,2,0,"P","Yes",12
21,2,1,"P","No",16
21,3,0,"P","Yes",28
21,3,1,"P","Yes",8
21,3,0,"P","No",16
21,4,0,"H","No",16
21,4,0,"P","Yes",24
21,4,1,"H","No",24
21,5,0,"P","No",24
21,5,0,"H","No",12
21,5,1,"N","Yes",8
21,6,1,"N","Yes",12
21,6,0,"P","No",8
21,6,0,"N","No",12
21,7,0,"N","Yes",28
21,7,1,"P","No",8
21,7,0,"H","Yes",32
21,8,1,"N","No",12
21,8,0,"P","No",24
21,8,0,"H","No",24
21,9,1,"P","Yes",16
21,9,0,"N","Yes",12
21,9,0,"N","No",28
21,10,0,"H","Yes",16
21,10,1,"N","Yes",20
21,10,0,"H","No",16
22,1,1,"H","No",16
22,1,0,"H","Yes",8
22,1,0,"N","Yes",32
22,2,1,"N","Yes",8
22,2,0,"H","Yes",32
22,2,0,"H","Yes",16
22,3,0,"H","Yes",28
22,3,0,"P","Yes",32
22,3,1,"N","No",32
22,4,0,"P","Yes",24
22,4,1,"H","No",16
22,4,0,"P","No",8
22,5,1,"P","No",24
22,5,0,"H","Yes",12
22,5,0,"N","No",20
22,6,0,"H","Yes",32
22,6,0,"P","No",32
22,6,1,"P","Yes",16
22,7,0,"P","Yes",20
22,7,1,"P","No",16
22,7,0,"H","No",20
22,8,0,"N","Yes",16
22,8,1,"H","No",12
22,8,0,"H","No",8
22,9,1,"P","No",12
22,9,0,"N","Yes",20
22,9,0,"H","No",32
22,10,1,"P","No",12
22,10,0,"H","Yes",24
22,10,0,"P","Yes",8
23,1,0,"H","Yes",32
23,1,0,"H","No",28
23,1,1,"N","No",24
23,2,1,"P","No",8
23,2,0,"N","Yes",28
23,2,0,"H","Yes",12
23,3,1,"P","No",12
23,3,0,"P","No",24
23,3,0,"P","No",16
23,4,0,"H","No",12
23,4,0,"N","Yes",20
23,4,1,"N","Yes",12
23,5,0,"H","No",20
23,5,0,"N","Yes",20
23,5,1,"P","No",12
23,6,0,"P","No",32
23,6,0,"P","No",20
23,6,1,"P","No",16
23,7,0,"H","No",20
23,7,0,"P","Yes",32
23,7,1,"N","Yes",24
23,8,0,"H","No",12
23,8,0,"P","No",32
23,8,1,"N","No",16
23,9,0,"H","Yes",20
23,9,0,"N","No",28
23,9,1,"N","No",24
23,10,0,"P","Yes",24
23,10,0,"H","Yes",20
23,10,1,"P","No",32
24,1,1,"H","No",24
24,1,0,"H","No",12
24,1,0,"H","Yes",28
24,2,0,"H","Yes",28
24,2,0,"H","No",20
24,2,1,"H","Yes",12
24,3,1,"N","Yes",28
24,3,0,"H","Yes",24
24,3,0,"P","No",28
24,4,0,"N","Yes",32
24,4,1,"N","No",12
24,4,0,"N","Yes",20
24,5,0,"P","Yes",28
24,5,0,"N","Yes",20
24,5,1,"N","No",8
24,6,0,"P","No",24
24,6,1,"N","Yes",16
24,6,0,"H","No",28
24,7,0,"H","Yes",8
24,7,0,"N","Yes",24
24,7,1,"H","Yes",20
24,8,1,"P","No",8
24,8,0,"N","Yes",20
24,8,0,"H","No",24
24,9,0,"P","No",24
24,9,0,"N","No",28
24,9,1,"P","No",16
24,10,0,"N","No",32
24,10,1,"H","Yes",28
24,10,0,"N","No",28
25,1,0,"P","Yes",32
25,1,1,"N","Yes",16
25,1,0,"H","No",12
25,2,0,"H","Yes",28
25,2,1,"P","No",12
25,2,0,"P","Yes",12
25,3,0,"P","Yes",16
25,3,0,"H","Yes",24
25,3,1,"P","No",12
25,4,0,"N","Yes",20
25,4,0,"H","Yes",20
25,4,1,"H","No",8
25,5,1,"N","No",16
25,5,0,"H","Yes",12
25,5,0,"N","Yes",32
25,6,0,"P","No",8
25,6,0,"H","No",24
25,6,1,"N","No",8
25,7,1,"N","No",24
25,7,0,"H","Yes",20
25,7,0,"H","No",8
25,8,0,"P","No",16
25,8,1,"P","No",12
25,8,0,"N","No",32
25,9,0,"N","Yes",20
25,9,1,"N","Yes",8
25,9,0,"N","No",28
25,10,0,"P","Yes",20
25,10,0,"P","Yes",24
25,10,1,"N","No",8
26,1,0,"N","Yes",24
26,1,0,"P","No",16
26,1,1,"H","Yes",20
26,2,1,"P","No",8
26,2,0,"P","No",24
26,2,0,"H","Yes",12
26,3,1,"N","Yes",28
26,3,0,"P","No",28
26,3,0,"H","Yes",12
26,4,0,"P","Yes",32
26,4,0,"H","No",16
26,4,1,"P","No",16
26,5,0,"P","No",24
26,5,1,"N","No",16
26,5,0,"H","Yes",28
26,6,0,"N","No",20
26,6,0,"P","Yes",12
26,6,1,"N","Yes",8
26,7,1,"H","No",8
26,7,0,"P","No",8
26,7,0,"P","Yes",24
26,8,0,"H","Yes",8
26,8,0,"P","No",32
26,8,1,"P","Yes",28
26,9,0,"N","No",20
26,9,1,"P","No",20
26,9,0,"N","Yes",24
26,10,0,"N","No",32
26,10,1,"N","No",8
26,10,0,"P","No",16
27,1,0,"H","Yes",32
27,1,1,"P","Yes",28
27,1,0,"H","Yes",24
27,2,1,"P","No",12
27,2,0,"H","Yes",20
27,2,0,"H","Yes",28
27,3,0,"H","No",24
27,3,1,"P","Yes",16
27,3,0,"H","No",20
27,4,0,"H","No",20
27,4,0,"H","Yes",16
27,4,1,"H","Yes",24
27,5,0,"H","Yes",24
27,5,0,"H","No",12
27,5,1,"P","Yes",12
27,6,0,"P","No",8
27,6,1,"N","Yes",16
27,6,0,"N","Yes",20
27,7,0,"P","No",24
27,7,0,"H","Yes",12
27,7,1,"N","No",16
27,8,0,"H","No",32
27,8,0,"H","Yes",12
27,8,1,"P","No",12
27,9,0,"N","Yes",24
27,9,1,"P","Yes",16
27,9,0,"N","Yes",28
27,10,0,"H","No",20
27,10,0,"N","Yes",32
27,10,1,"P","No",24
28,1,1,"N","Yes",12
28,1,0,"N","No",20
28,1,0,"P","Yes",28
28,2,1,"H","No",12
28,2,0,"N","Yes",12
28,2,0,"H","Yes",8
28,3,1,"H","No",8
28,3,0,"H","No",24
28,3,0,"H","No",32
28,4,0,"N","Yes",32
28,4,0,"N","No",32
28,4,1,"P","No",24
28,5,0,"N","Yes",8
28,5,0,"N","No",28
28,5,1,"H","Yes",16
28,6,0,"P","No",16
28,6,1,"P","Yes",8
28,6,0,"H","Yes",24
28,7,0,"N","Yes",32
28,7,1,"P","No",16
28,7,0,"P","No",28
28,8,0,"H","No",24
28,8,0,"N","Yes",28
28,8,1,"N","No",28
28,9,0,"H","Yes",12
28,9,1,"N","No",20
28,9,0,"P","Yes",28
28,10,0,"P","Yes",8
28,10,1,"N","Yes",8
28,10,0,"H","No",16
29,1,0,"H","No",28
29,1,1,"P","No",8
29,1,0,"P","No",12
29,2,0,"H","No",32
29,2,0,"P","No",12
29,2,1,"N","No",24
29,3,0,"P","Yes",28
29,3,1,"P","No",20
29,3,0,"H","Yes",20
29,4,0,"N","Yes",32
29,4,1,"P","Yes",28
29,4,0,"N","No",32
29,5,0,"P","Yes",16
29,5,1,"N","Yes",24
29,5,0,"H","Yes",8
29,6,0,"N","Yes",28
29,6,1,"H","Yes",8
29,6,0,"P","Yes",12
29,7,0,"H","Yes",24
29,7,1,"N","Yes",24
29,7,0,"N","No",24
29,8,0,"H","Yes",16
29,8,0,"P","No",32
29,8,1,"N","Yes",28
29,9,1,"P","No",12
29,9,0,"N","No",20
29,9,0,"H","No",20
29,10,0,"P","Yes",24
29,10,0,"P","Yes",20
29,10,1,"H","No",28
30,1,1,"N","No",16
30,1,0,"P","Yes",8
30,1,0,"N","Yes",32
30,2,0,"H","No",24
30,2,1,"P","No",8
30,2,0,"N","Yes",12
30,3,1,"N","Yes",20
30,3,0,"P","Yes",32
30,3,0,"P","Yes",24
30,4,1,"N","No",12
30,4,0,"N","No",32
30,4,0,"H","No",32
30,5,1,"P","No",24
30,5,0,"H","No",24
30,5,0,"P","No",20
30,6,0,"P","Yes",8
30,6,1,"P","No",20
30,6,0,"N","Yes",20
30,7,1,"H","Yes",28
30,7,0,"P","Yes",32
30,7,0,"N","Yes",32
30,8,1,"P","No",16
30,8,0,"N","Yes",32
30,8,0,"P","No",32
30,9,1,"N","No",32
30,9,0,"H","Yes",28
30,9,0,"H","No",28
30,10,0,"N","No",32
30,10,1,"N","No",24
30,10,0,"H","Yes",20
31,1,0,"P","No",20
31,1,0,"H","No",28
31,1,1,"H","No",16
31,2,0,"H","No",12
31,2,1,"P","No",12
31,2,0,"H","No",20
31,3,0,"H","No",20
31,3,0,"P","No",16
31,3,1,"P","No",20
31,4,0,"N","No",8
31,4,0,"H","No",8
31,4,1,"N","No",12
31,5,0,"P","No",32
31,5,1,"N","No",24
31,5,0,"H","Yes",12
31,6,1,"H","No",20
31,6,0,"H","No",16
31,6,0,"H","No",32
31,7,1,"N","No",16
31,7,0,"H","No",16
31,7,0,"P","No",24
31,8,0,"N","Yes",24
31,8,1,"N","No",16
31,8,0,"P","No",8
31,9,0,"N","Yes",24
31,9,0,"N","Yes",20
31,9,1,"P","No",12
31,10,1,"P","Yes",12
31,10,0,"N","Yes",12
31,10,0,"H","Yes",16
32,1,1,"N","Yes",16
32,1,0,"P","Yes",20
32,1,0,"H","Yes",12
32,2,0,"H","Yes",32
32,2,1,"N","No",24
32,2,0,"H","Yes",12
32,3,0,"H","No",28
32,3,1,"N","Yes",20
32,3,0,"N","No",28
32,4,0,"H","No",12
32,4,0,"P","Yes",16
32,4,1,"N","No",12
32,5,1,"N","No",12
32,5,0,"P","Yes",8
32,5,0,"H","Yes",20
32,6,1,"H","Yes",16
32,6,0,"H","No",20
32,6,0,"H","No",16
32,7,0,"N","No",8
32,7,0,"H","Yes",32
32,7,1,"N","No",28
32,8,0,"H","No",28
32,8,0,"N","Yes",20
32,8,1,"P","No",20
32,9,0,"H","No",12
32,9,1,"P","Yes",8
32,9,0,"H","No",16
32,10,0,"P","No",20
32,10,0,"P","No",12
32,10,1,"P","Yes",8
33,1,1,"N","Yes",24
33,1,0,"P","No",16
33,1,0,"N","No",20
33,2,0,"H","Yes",12
33,2,1,"P","No",28
33,2,0,"H","No",20
33,3,1,"H","No",12
33,3,0,"H","Yes",16
33,3,0,"P","No",32
33,4,1,"P","No",8
33,4,0,"P","Yes",16
33,4,0,"P","No",16
33,5,0,"H","No",20
33,5,1,"P","No",12
33,5,0,"H","Yes",28
33,6,0,"N","Yes",32
33,6,0,"P","No",20
33,6,1,"P","No",12
33,7,0,"N","No",28
33,7,0,"N","No",24
33,7,1,"H","No",8
33,8,0,"P","No",28
33,8,0,"P","Yes",12
33,8,1,"N","No",24
33,9,0,"N","Yes",16
33,9,0,"P","Yes",32
33,9,1,"N","Yes",20
33,10,1,"P","No",12
33,10,0,"P","No",24
33,10,0,"H","Yes",28
34,1,1,"H","Yes",28
34,1,0,"N","No",24
34,1,0,"N","No",32
34,2,0,"P","Yes",12
34,2,0,"N","No",16
34,2,1,"N","No",12
34,3,1,"N","No",32
34,3,0,"N","No",24
34,3,0,"H","No",32
34,4,1,"P","No",12
34,4,0,"P","Yes",8
34,4,0,"N","Yes",20
34,5,0,"P","No",32
34,5,0,"P","No",20
34,5,1,"P","No",8
34,6,0,"P","No",16
34,6,0,"H","Yes",24
34,6,1,"H","No",12
34,7,1,"P","Yes",8
34,7,0,"N","No",16
34,7,0,"H","Yes",16
34,8,1,"H","No",20
34,8,0,"H","Yes",24
34,8,0,"H","Yes",8
34,9,0,"H","No",24
34,9,1,"N","No",16
34,9,0,"H","Yes",12
34,10,0,"N","Yes",16
34,10,0,"H","Yes",24
34,10,1,"H","No",16
35,1,0,"H","Yes",12
35,1,0,"P","No",28
35,1,1,"H","No",32
35,2,0,"N","No",32
35,2,0,"N","No",24
35,2,1,"H","No",16
35,3,1,"N","No",20
35,3,0,"P","Yes",24
35,3,0,"P","Yes",32
35,4,0,"H","Yes",24
35,4,0,"P","Yes",12
35,4,1,"N","No",20
35,5,0,"N","Yes",24
35,5,1,"P","Yes",16
35,5,0,"P","Yes",12
35,6,1,"N","Yes",20
35,6,0,"N","Yes",28
35,6,0,"H","No",8
35,7,0,"H","Yes",32
35,7,0,"H","Yes",20
35,7,1,"N","No",8
35,8,1,"N","No",16
35,8,0,"P","No",28
35,8,0,"H","Yes",32
35,9,0,"P","Yes",32
35,9,1,"P","Yes",8
35,9,0,"H","No",28
35,10,0,"N","Yes",32
35,10,1,"N","No",8
35,10,0,"P","No",28
36,1,1,"P","Yes",8
36,1,0,"P","No",32
36,1,0,"N","Yes",16
36,2,0,"N","No",32
36,2,0,"H","No",32
36,2,1,"H","No",8
36,3,0,"P","No",32
36,3,0,"N","Yes",32
36,3,1,"N","Yes",8
36,4,0,"H","Yes",32
36,4,0,"N","Yes",16
36,4,1,"N","No",24
36,5,0,"H","Yes",16
36,5,1,"N","No",28
36,5,0,"P","No",28
36,6,0,"H","No",12
36,6,0,"P","Yes",12
36,6,1,"P","No",32
36,7,1,"H","Yes",16
36,7,0,"P","No",16
36,7,0,"H","Yes",24
36,8,0,"H","Yes",24
36,8,0,"N","Yes",16
36,8,1,"P","Yes",12
36,9,0,"P","Yes",24
36,9,0,"P","No",16
36,9,1,"H","No",12
36,10,1,"P","No",8
36,10,0,"H","No",8
36,10,0,"H","Yes",20
37,1,0,"N","Yes",28
37,1,1,"H","No",12
37,1,0,"P","No",24
37,2,0,"N","Yes",8
37,2,0,"P","No",20
37,2,1,"P","No",28
37,3,1,"N","No",24
37,3,0,"P","No",20
37,3,0,"H","Yes",16
37,4,0,"N","No",20
37,4,1,"N","No",16
37,4,0,"N","Yes",28
37,5,0,"N","No",24
37,5,1,"H","Yes",8
37,5,0,"N","No",32
37,6,1,"N","No",8
37,6,0,"N","No",12
37,6,0,"P","No",32
37,7,1,"H","No",12
37,7,0,"P","No",8
37,7,0,"H","No",20
37,8,0,"N","No",28
37,8,0,"P","Yes",28
37,8,1,"N","Yes",8
37,9,0,"H","Yes",32
37,9,1,"P","No",24
37,9,0,"H","Yes",24
37,10,0,"P","No",32
37,10,0,"P","Yes",24
37,10,1,"N","No",24
38,1,0,"N","No",24
38,1,0,"H","No",8
38,1,1,"N","No",8
38,2,0,"H","No",8
38,2,1,"H","Yes",8
38,2,0,"H","Yes",20
38,3,0,"N","Yes",24
38,3,0,"P","Yes",32
38,3,1,"N","No",24
38,4,0,"P","Yes",8
38,4,1,"N","Yes",20
38,4,0,"P","Yes",24
38,5,0,"N","Yes",32
38,5,1,"H","No",20
38,5,0,"P","Yes",28
38,6,1,"P","No",16
38,6,0,"P","Yes",16
38,6,0,"N","Yes",28
38,7,0,"N","Yes",32
38,7,0,"H","No",12
38,7,1,"P","Yes",20
38,8,0,"N","No",32
38,8,0,"P","No",28
38,8,1,"P","No",8
38,9,0,"P","Yes",24
38,9,0,"N","Yes",24
38,9,1,"N","No",20
38,10,1,"H","Yes",12
38,10,0,"H","No",32
38,10,0,"P","No",16
39,1,0,"N","Yes",32
39,1,1,"P","No",12
39,1,0,"P","Yes",28
39,2,0,"N","No",24
39,2,0,"N","Yes",28
39,2,1,"P","Yes",16
39,3,0,"H","Yes",32
39,3,0,"N","Yes",28
39,3,1,"N","No",12
39,4,0,"N","Yes",16
39,4,1,"P","Yes",16
39,4,0,"P","No",8
39,5,0,"P","Yes",12
39,5,1,"N","Yes",12
39,5,0,"P","No",28
39,6,1,"N","Yes",16
39,6,0,"H","No",16
39,6,0,"P","Yes",20
39,7,1,"P","Yes",12
39,7,0,"H","No",32
39,7,0,"H","Yes",16
39,8,0,"P","No",32
39,8,1,"P","No",16
39,8,0,"H","Yes",28
39,9,1,"H","No",8
39,9,0,"P","No",16
39,9,0,"N","No",24
39,10,1,"P","No",24
39,10,0,"P","No",20
39,10,0,"P","Yes",8
40,1,0,"P","No",32
40,1,1,"N","Yes",8
40,1,0,"P","No",12
40,2,1,"P","Yes",12
40,2,0,"H","No",32
40,2,0,"N","Yes",12
40,3,0,"P","Yes",12
40,3,1,"H","Yes",12
40,3,0,"P","Yes",32
40,4,0,"H","No",32
40,4,0,"N","Yes",32
40,4,1,"H","Yes",12
40,5,0,"P","No",28
40,5,1,"N","Yes",8
40,5,0,"N","No",32
40,6,0,"P","Yes",28
40,6,1,"H","No",8
40,6,0,"N","No",32
40,7,0,"P","Yes",20
40,7,1,"N","Yes",20
40,7,0,"H","No",16
40,8,0,"P","No",24
40,8,0,"P","No",12
40,8,1,"P","No",8
40,9,0,"H","No",28
40,9,0,"H","No",24
40,9,1,"N","No",24
40,10,1,"P","Yes",28
40,10,0,"N","No",12
40,10,0,"P","Yes",20
41,1,0,"H","No",24
41,1,0,"P","No",12
41,1,1,"N","No",24
41,2,0,"H","Yes",20
41,2,1,"N","Yes",32
41,2,0,"P","No",32
41,3,0,"N","Yes",20
41,3,1,"H","Yes",16
41,3,0,"N","No",24
41,4,0,"P","Yes",20
41,4,0,"P","Yes",32
41,4,1,"P","No",8
41,5,0,"N","Yes",28
41,5,1,"P","No",12
41,5,0,"P","No",24
41,6,0,"N","No",32
41,6,0,"P","No",28
41,6,1,"N","Yes",16
41,7,0,"H","Yes",28
41,7,0,"N","Yes",32
41,7,1,"P","Yes",12
41,8,0,"P","No",12
41,8,1,"N","No",12
41,8,0,"N","Yes",12
41,9,1,"P","No",12
41,9,0,"P","Yes",8
41,9,0,"N","Yes",16
41,10,0,"P","No",20
41,10,0,"P","Yes",20
41,10,1,"N","No",8
42,1,1,"N","Yes",8
42,1,0,"P","Yes",20
42,1,0,"N","Yes",20
42,2,0,"H","Yes",32
42,2,0,"P","Yes",28
42,2,1,"P","No",32
42,3,0,"H","No",32
42,3,0,"N","Yes",28
42,3,1,"N","No",20
42,4,0,"N","No",24
42,4,0,"P","Yes",16
42,4,1,"N","Yes",24
42,5,0,"P","Yes",20
42,5,1,"N","Yes",12
42,5,0,"N","No",24
42,6,1,"N","No",20
42,6,0,"P","No",20
42,6,0,"P","No",32
42,7,0,"P","Yes",20
42,7,1,"N","No",12
42,7,0,"H","Yes",8
42,8,0,"H","Yes",32
42,8,1,"P","No",16
42,8,0,"N","No",8
42,9,0,"N","No",24
42,9,1,"N","Yes",28
42,9,0,"H","Yes",28
42,10,0,"H","No",24
42,10,1,"P","No",20
42,10,0,"N","Yes",32
43,1,1,"N","No",8
43,1,0,"P","No",20
43,1,0,"P","No",32
43,2,1,"H","No",12
43,2,0,"P","Yes",28
43,2,0,"H","Yes",8
43,3,0,"P","Yes",20
43,3,0,"N","Yes",20
43,3,1,"N","No",8
43,4,0,"H","Yes",16
43,4,1,"N","Yes",24
43,4,0,"H","Yes",12
43,5,0,"N","Yes",32
43,5,0,"N","Yes",28
43,5,1,"P","No",8
43,6,1,"N","No",28
43,6,0,"H","No",28
43,6,0,"P","Yes",32
43,7,1,"N","Yes",20
43,7,0,"H","No",12
43,7,0,"H","Yes",28
43,8,1,"N","No",12
43,8,0,"H","Yes",16
43,8,0,"N","No",24
43,9,0,"N","No",20
43,9,0,"P","Yes",12
43,9,1,"H","No",8
43,10,0,"H","Yes",32
43,10,0,"N","No",32
43,10,1,"N","Yes",28
44,1,0,"P","Yes",20
44,1,0,"N","Yes",12
44,1,1,"H","Yes",12
44,2,0,"P","No",12
44,2,1,"P","Yes",8
44,2,0,"N","No",32
44,3,0,"H","Yes",20
44,3,0,"H","No",24
44,3,1,"H","No",8
44,4,0,"P","No",28
44,4,0,"H","Yes",24
44,4,1,"P","Yes",16
44,5,0,"P","Yes",20
44,5,0,"N","No",20
44,5,1,"N","No",8
44,6,0,"N","No",32
44,6,0,"P","Yes",32
44,6,1,"N","No",28
44,7,0,"P","No",28
44,7,0,"H","No",24
44,7,1,"H","Yes",8
44,8,0,"P","Yes",28
44,8,1,"N","Yes",28
44,8,0,"H","No",24
44,9,1,"P","Yes",8
44,9,0,"H","Yes",32
44,9,0,"H","Yes",20
44,10,0,"H","Yes",8
44,10,0,"H","No",8
44,10,1,"N","Yes",28
45,1,1,"P","Yes",20
45,1,0,"H","No",8
45,1,0,"N","No",32
45,2,1,"N","No",28
45,2,0,"H","No",8
45,2,0,"N","No",12
45,3,1,"P","No",16
45,3,0,"N","No",32
45,3,0,"N","Yes",32
45,4,1,"P","No",16
45,4,0,"H","Yes",20
45,4,0,"H","No",24
45,5,0,"P","Yes",8
45,5,1,"H","No",12
45,5,0,"H","Yes",24
45,6,1,"H","No",20
45,6,0,"H","No",28
45,6,0,"H","Yes",24
45,7,0,"H","Yes",20
45,7,0,"N","No",20
45,7,1,"N","No",28
45,8,0,"N","Yes",32
45,8,1,"P","No",28
45,8,0,"H","No",32
45,9,0,"N","Yes",16
45,9,1,"N","No",8
45,9,0,"N","No",16
45,10,0,"P","No",20
45,10,1,"P","Yes",28
45,10,0,"H","No",32
46,1,1,"H","No",12
46,1,0,"H","Yes",28
46,1,0,"N","Yes",20
46,2,0,"N","No",32
46,2,1,"N","No",16
46,2,0,"N","No",12
46,3,0,"P","Yes",20
46,3,1,"H","No",16
46,3,0,"P","Yes",32
46,4,0,"N","No",28
46,4,1,"H","Yes",24
46,4,0,"H","No",12
46,5,1,"N","No",24
46,5,0,"N","Yes",12
46,5,0,"H","Yes",32
46,6,0,"H","No",12
46,6,1,"P","Yes",28
46,6,0,"H","Yes",20
46,7,0,"H","Yes",32
46,7,0,"H","No",20
46,7,1,"H","Yes",12
46,8,0,"P","No",24
46,8,0,"P","No",32
46,8,1,"H","Yes",32
46,9,1,"N","No",28
46,9,0,"P","Yes",24
46,9,0,"N","Yes",8
46,10,0,"N","Yes",28
46,10,1,"H","No",28
46,10,0,"P","No",32
47,1,1,"P","No",16
47,1,0,"P","No",32
47,1,0,"N","No",32
47,2,1,"P","No",16
47,2,0,"P","Yes",28
47,2,0,"P","Yes",24
47,3,0,"P","No",24
47,3,1,"H","No",20
47,3,0,"H","Yes",20
47,4,1,"P","No",12
47,4,0,"P","Yes",28
47,4,0,"P","No",20
47,5,1,"N","No",20
47,5,0,"N","No",24
47,5,0,"P","No",16
47,6,0,"H","Yes",12
47,6,0,"P","No",28
47,6,1,"N","No",8
47,7,1,"P","No",12
47,7,0,"N","Yes",20
47,7,0,"N","No",16
47,8,0,"N","No",20
47,8,0,"N","Yes",16
47,8,1,"N","No",8
47,9,0,"N","Yes",32
47,9,1,"H","No",16
47,9,0,"P","Yes",16
47,10,1,"P","No",24
47,10,0,"N","Yes",20
47,10,0,"P","No",32
48,1,0,"N","Yes",12
48,1,1,"N","Yes",28
48,1,0,"H","No",28
48,2,0,"N","No",32
48,2,0,"N","No",12
48,2,1,"H","Yes",16
48,3,1,"P","Yes",8
48,3,0,"H","Yes",28
48,3,0,"H","Yes",20
48,4,1,"H","No",8
48,4,0,"H","Yes",8
48,4,0,"P","Yes",24
48,5,1,"N","No",12
48,5,0,"H","Yes",8
48,5,0,"N","No",8
48,6,1,"H","Yes",32
48,6,0,"P","Yes",8
48,6,0,"H","No",20
48,7,1,"N","Yes",28
48,7,0,"H","No",20
48,7,0,"H","No",8
48,8,0,"P","Yes",24
48,8,0,"P","No",32
48,8,1,"P","Yes",8
48,9,0,"P","No",32
48,9,0,"H","No",12
48,9,1,"N","Yes",8
48,10,0,"H","Yes",32
48,10,1,"N","No",24
48,10,0,"P","No",8
49,1,0,"H","Yes",20
49,1,1,"P","No",8
49,1,0,"H","No",12
49,2,0,"N","No",32
49,2,0,"N","Yes",24
49,2,1,"N","Yes",8
49,3,1,"N","No",16
49,3,0,"H","Yes",16
49,3,0,"P","Yes",16
49,4,0,"P","Yes",16
49,4,0,"N","Yes",16
49,4,1,"P","Yes",12
49,5,1,"H","Yes",16
49,5,0,"N","No",28
49,5,0,"H","Yes",20
49,6,0,"P","No",12
49,6,0,"N","Yes",8
49,6,1,"N","Yes",16
49,7,0,"H","Yes",32
49,7,1,"H","No",20
49,7,0,"H","Yes",16
49,8,0,"H","No",20
49,8,1,"P","Yes",28
49,8,0,"N","No",16
49,9,0,"P","Yes",24
49,9,1,"P","Yes",16
49,9,0,"P","Yes",12
49,10,0,"N","Yes",28
49,10,0,"N","No",12
49,10,1,"N","Yes",20
50,1,0,"H","No",12
50,1,0,"H","No",16
50,1,1,"H","No",8
50,2,0,"N","Yes",28
50,2,1,"H","No",20
50,2,0,"H","Yes",28
50,3,0,"H","No",8
50,3,0,"N","No",32
50,3,1,"H","Yes",20
50,4,0,"H","Yes",16
50,4,1,"P","Yes",12
50,4,0,"N","No",20
50,5,0,"P","Yes",12
50,5,1,"P","Yes",20
50,5,0,"H","No",28
50,6,0,"N","Yes",28
50,6,1,"N","No",16
50,6,0,"N","No",12
50,7,0,"P","Yes",8
50,7,1,"P","Yes",12
50,7,0,"P","No",20
50,8,1,"P","No",24
50,8,0,"N","Yes",28
50,8,0,"H","Yes",20
50,9,0,"H","Yes",16
50,9,0,"P","No",28
50,9,1,"P","Yes",28
50,10,0,"P","No",16
50,10,1,"N","No",12
50,10,0,"P","Yes",20
51,1,0,"H","No",28
51,1,0,"H","No",8
51,1,1,"P","No",8
51,2,0,"N","Yes",16
51,2,0,"N","No",20
51,2,1,"P","No",12
51,3,1,"H","Yes",8
51,3,0,"P","No",8
51,3,0,"N","No",8
51,4,0,"P","No",8
51,4,1,"H","No",16
51,4,0,"H","No",20
51,5,0,"P","No",24
51,5,0,"P","No",12
51,5,1,"N","Yes",28
51,6,0,"P","Yes",32
51,6,1,"N","Yes",8
51,6,0,"H","No",8
51,7,1,"H","No",16
51,7,0,"N","No",20
51,7,0,"H","No",24
51,8,0,"P","No",24
51,8,1,"N","No",12
51,8,0,"N","Yes",12
51,9,0,"P","No",20
51,9,1,"N","No",32
51,9,0,"P","No",28
51,10,0,"P","Yes",8
51,10,0,"H","No",24
51,10,1,"N","Yes",8
52,1,0,"H","No",32
52,1,1,"P","Yes",20
52,1,0,"N","Yes",32
52,2,0,"N","Yes",8
52,2,1,"H","Yes",12
52,2,0,"N","Yes",28
52,3,1,"P","No",12
52,3,0,"P","Yes",28
52,3,0,"N","No",8
52,4,1,"N","Yes",24
52,4,0,"H","Yes",24
52,4,0,"N","No",16
52,5,1,"H","No",16
52,5,0,"N","No",28
52,5,0,"H","No",32
52,6,0,"P","No",32
52,6,1,"P","No",28
52,6,0,"P","Yes",32
52,7,0,"H","Yes",24
52,7,0,"P","No",32
52,7,1,"N","No",8
52,8,1,"N","Yes",8
52,8,0,"H","Yes",28
52,8,0,"P","Yes",24
52,9,0,"P","No",24
52,9,0,"P","Yes",24
52,9,1,"H","No",12
52,10,1,"P","No",12
52,10,0,"H","Yes",16
52,10,0,"N","No",24
53,1,0,"P","No",20
53,1,1,"P","No",8
53,1,0,"H","Yes",24
53,2,0,"H","No",16
53,2,0,"P","No",28
53,2,1,"N","No",20
53,3,1,"H","Yes",8
53,3,0,"P","No",8
53,3,0,"H","No",16
53,4,0,"N","Yes",32
53,4,1,"H","Yes",8
53,4,0,"N","No",32
53,5,1,"N","Yes",16
53,5,0,"N","Yes",20
53,5,0,"H","No",28
53,6,0,"P","No",16
53,6,1,"N","No",8
53,6,0,"P","No",20
53,7,1,"P","No",12
53,7,0,"P","No",8
53,7,0,"H","No",12
53,8,0,"P","Yes",16
53,8,0,"P","No",16
53,8,1,"N","Yes",12
53,9,0,"H","Yes",8
53,9,0,"H","Yes",12
53,9,1,"P","No",12
53,10,0,"H","No",28
53,10,1,"P","Yes",24
53,10,0,"P","No",28
54,1,0,"N","Yes",24
54,1,0,"N","Yes",16
54,1,1,"H","No",16
54,2,1,"N","No",16
54,2,0,"H","Yes",16
54,2,0,"N","Yes",28
54,3,1,"N","Yes",32
54,3,0,"N","Yes",12
54,3,0,"N","Yes",28
54,4,0,"H","No",32
54,4,0,"N","Yes",32
54,4,1,"N","No",16
54,5,0,"H","Yes",12
54,5,0,"N","Yes",8
54,5,1,"N","Yes",24
54,6,1,"N","No",24
54,6,0,"P","Yes",32
54,6,0,"N","No",28
54,7,0,"P","No",12
54,7,0,"P","No",8
54,7,1,"H","No",20
54,8,0,"P","No",24
54,8,0,"P","Yes",12
54,8,1,"H","Yes",8
54,9,0,"H","Yes",16
54,9,0,"H","No",32
54,9,1,"H","Yes",8
54,10,0,"N","Yes",16
54,10,1,"P","Yes",8
54,10,0,"P","Yes",32
55,1,0,"P","No",28
55,1,0,"P","Yes",28
55,1,1,"P","No",24
55,2,0,"H","No",12
55,2,0,"H","No",16
55,2,1,"N","No",8
55,3,0,"N","Yes",28
55,3,1,"P","Yes",16
55,3,0,"P","Yes",12
55,4,0,"H","No",32
55,4,0,"N","Yes",20
55,4,1,"P","No",16
55,5,0,"N","No",32
55,5,0,"P","No",28
55,5,1,"H","Yes",24
55,6,1,"H","Yes",8
55,6,0,"H","No",20
55,6,0,"P","Yes",8
55,7,1,"H","No",24
55,7,0,"H","Yes",20
55,7,0,"H","Yes",12
55,8,1,"P","No",16
55,8,0,"P","No",32
55,8,0,"P","No",28
55,9,0,"P","Yes",32
55,9,1,"N","No",12
55,9,0,"H","Yes",32
55,10,0,"H","No",24
55,10,0,"H","Yes",20
55,10,1,"H","No",28
56,1,1,"H","No",12
56,1,0,"N","Yes",12
56,1,0,"H","Yes",20
56,2,0,"H","Yes",24
56,2,0,"P","Yes",32
56,2,1,"N","No",24
56,3,0,"P","Yes",32
56,3,1,"P","Yes",24
56,3,0,"H","No",32
56,4,0,"N","No",32
56,4,0,"P","No",24
56,4,1,"P","No",20
56,5,0,"N","No",8
56,5,1,"H","No",12
56,5,0,"H","No",16
56,6,1,"H","No",24
56,6,0,"H","Yes",28
56,6,0,"P","Yes",32
56,7,0,"H","Yes",28
56,7,0,"H","No",20
56,7,1,"N","No",28
56,8,0,"H","No",24
56,8,1,"P","Yes",12
56,8,0,"P","No",24
56,9,0,"P","Yes",16
56,9,1,"N","No",8
56,9,0,"P","Yes",24
56,10,1,"P","No",16
56,10,0,"N","No",12
56,10,0,"N","Yes",8
57,1,0,"H","Yes",16
57,1,1,"N","No",24
57,1,0,"P","Yes",32
57,2,0,"P","Yes",20
57,2,1,"N","Yes",12
57,2,0,"P","Yes",28
57,3,1,"P","Yes",28
57,3,0,"H","Yes",32
57,3,0,"H","No",28
57,4,0,"P","No",28
57,4,0,"H","No",32
57,4,1,"P","No",8
57,5,1,"N","No",28
57,5,0,"H","No",16
57,5,0,"P","Yes",32
57,6,0,"P","No",20
57,6,1,"N","No",12
57,6,0,"H","No",16
57,7,1,"N","No",28
57,7,0,"H","Yes",28
57,7,0,"P","Yes",12
57,8,0,"H","No",28
57,8,0,"H","No",8
57,8,1,"N","Yes",16
57,9,0,"N","Yes",16
57,9,0,"H","Yes",32
57,9,1,"H","No",28
57,10,1,"N","No",28
57,10,0,"H","No",12
57,10,0,"H","Yes",12
58,1,1,"H","Yes",12
58,1,0,"N","No",32
58,1,0,"N","Yes",24
58,2,0,"N","No",28
58,2,0,"N","Yes",32
58,2,1,"P","Yes",8
58,3,0,"H","No",28
58,3,0,"P","Yes",20
58,3,1,"P","No",32
58,4,0,"N","No",16
58,4,1,"P","Yes",8
58,4,0,"H","No",32
58,5,1,"P","No",16
58,5,0,"H","Yes",12
58,5,0,"P","Yes",32
58,6,0,"N","Yes",24
58,6,1,"N","No",12
58,6,0,"P","Yes",24
58,7,0,"N","Yes",20
58,7,0,"N","No",32
58,7,1,"P","No",12
58,8,1,"H","Yes",8
58,8,0,"H","No",16
58,8,0,"P","No",32
58,9,0,"H","No",24
58,9,0,"N","No",8
58,9,1,"N","No",12
58,10,0,"H","Yes",20
58,10,0,"H","No",28
58,10,1,"P","Yes",12
59,1,0,"H","Yes",28
59,1,1,"N","No",28
59,1,0,"N","No",32
59,2,0,"P","Yes",28
59,2,0,"H","No",12
59,2,1,"N","Yes",32
59,3,0,"H","Yes",24
59,3,0,"H","No",12
59,3,1,"N","Yes",8
59,4,1,"N","No",16
59,4,0,"P","Yes",32
59,4,0,"N","Yes",32
59,5,0,"N","Yes",28
59,5,0,"H","Yes",16
59,5,1,"N","No",16
59,6,0,"H","No",28
59,6,0,"P","Yes",28
59,6,1,"N","No",8
59,7,0,"P","No",24
59,7,0,"H","No",28
59,7,1,"N","No",32
59,8,0,"H","No",12
59,8,0,"P","No",24
59,8,1,"N","Yes",8
59,9,0,"N","No",24
59,9,0,"P","Yes",8
59,9,1,"P","Yes",12
59,10,0,"P","Yes",32
59,10,0,"H","No",28
59,10,1,"N","Yes",12
60,1,0,"P","Yes",20
60,1,1,"N","No",16
60,1,0,"H","No",20
60,2,0,"H","Yes",8
60,2,1,"H","No",8
60,2,0,"N","No",16
60,3,1,"H","No",8
60,3,0,"P","No",20
60,3,0,"H","Yes",20
60,4,0,"H","Yes",24
60,4,1,"H","No",24
60,4,0,"P","No",32
60,5,0,"N","Yes",8
60,5,0,"P","Yes",28
60,5,1,"N","No",12
60,6,0,"P","Yes",16
60,6,1,"N","Yes",8
60,6,0,"H","Yes",32
60,7,0,"P","No",24
60,7,0,"H","Yes",24
60,7,1,"P","No",8
60,8,0,"N","No",32
60,8,0,"P","Yes",28
60,8,1,"N","Yes",12
60,9,0,"N","No",28
60,9,1,"N","Yes",8
60,9,0,"N","Yes",32
60,10,0,"N","Yes",16
60,10,1,"P","No",16
60,10,0,"P","No",12
61,1,0,"N","No",12
61,1,0,"P","Yes",16
61,1,1,"H","No",12
61,2,1,"N","No",8
61,2,0,"H","Yes",24
61,2,0,"H","No",28
61,3,1,"H","No",12
61,3,0,"H","Yes",12
61,3,0,"N","No",16
61,4,0,"N","Yes",16
61,4,1,"N","Yes",12
61,4,0,"H","Yes",8
61,5,0,"H","No",20
61,5,1,"P","Yes",20
61,5,0,"N","No",16
61,6,0,"N","Yes",32
61,6,1,"N","No",16
61,6,0,"P","No",28
61,7,1,"P","No",16
61,7,0,"N","No",20
61,7,0,"N","Yes",32
61,8,0,"N","Yes",16
61,8,0,"N","Yes",32
61,8,1,"N","Yes",8
61,9,0,"N","Yes",28
61,9,1,"H","No",24
61,9,0,"N","No",28
61,10,1,"H","Yes",8
61,10,0,"P","No",8
61,10,0,"N","Yes",16
62,1,1,"N","No",12
62,1,0,"N","Yes",24
62,1,0,"P","Yes",20
62,2,0,"H","Yes",32
62,2,0,"H","Yes",8
62,2,1,"H","No",20
62,3,1,"N","Yes",20
62,3,0,"N","Yes",12
62,3,0,"N","No",24
62,4,0,"H","No",32
62,4,0,"H","Yes",28
62,4,1,"H","No",28
62,5,0,"H","Yes",12
62,5,1,"P","No",8
62,5,0,"N","Yes",12
62,6,0,"P","Yes",8
62,6,1,"N","Yes",8
62,6,0,"N","Yes",28
62,7,1,"N","No",8
62,7,0,"H","No",28
62,7,0,"N","No",28
62,8,0,"N","No",32
62,8,0,"P","No",28
62,8,1,"P","Yes",20
62,9,1,"N","No",16
62,9,0,"N","No",28
62,9,0,"P","Yes",12
62,10,0,"N","Yes",28
62,10,0,"P","No",20
62,10,1,"P","Yes",8
63,1,1,"H","Yes",16
63,1,0,"H","Yes",32
63,1,0,"H","No",20
63,2,0,"H","No",32
63,2,0,"H","Yes",32
63,2,1,"N","No",24
63,3,0,"P","No",28
63,3,0,"H","No",16
63,3,1,"P","Yes",16
63,4,1,"N","Yes",28
63,4,0,"H","Yes",8
63,4,0,"N","No",28
63,5,1,"N","No",16
63,5,0,"P","No",28
63,5,0,"H","No",28
63,6,0,"P","No",16
63,6,0,"H","Yes",20
63,6,1,"P","Yes",16
63,7,0,"P","Yes",28
63,7,0,"N","Yes",32
63,7,1,"H","No",24
63,8,1,"P","No",12
63,8,0,"N","Yes",8
63,8,0,"H","Yes",12
63,9,0,"N","No",20
63,9,0,"P","No",32
63,9,1,"H","No",24
63,10,1,"P","No",28
63,10,0,"P","Yes",12
63,10,0,"N","Yes",8
64,1,0,"H","Yes",32
64,1,1,"P","No",24
64,1,0,"N","No",20
64,2,1,"H","No",24
64,2,0,"N","Yes",32
64,2,0,"N","Yes",28
64,3,0,"P","Yes",24
64,3,0,"H","No",32
64,3,1,"N","No",32
64,4,0,"H","Yes",20
64,4,0,"P","Yes",16
64,4,1,"N","No",16
64,5,0,"P","Yes",16
64,5,0,"P","Yes",24
64,5,1,"P","No",16
64,6,0,"P","Yes",20
64,6,1,"P","Yes",8
64,6,0,"N","No",16
64,7,0,"P","No",32
64,7,1,"H","No",20
64,7,0,"P","No",24
64,8,0,"P","No",24
64,8,1,"H","Yes",24
64,8,0,"N","No",24
64,9,0,"H","No",16
64,9,0,"N","No",28
64,9,1,"N","No",8
64,10,0,"N","No",8
64,10,1,"H","No",12
64,10,0,"P","No",24
65,1,0,"H","Yes",32
65,1,0,"H","Yes",24
65,1,1,"H","No",24
65,2,1,"P","Yes",8
65,2,0,"P","Yes",28
65,2,0,"H","No",8
65,3,0,"H","No",20
65,3,0,"H","Yes",32
65,3,1,"P","Yes",16
65,4,0,"H","No",32
65,4,0,"N","Yes",20
65,4,1,"P","Yes",16
65,5,0,"H","Yes",28
65,5,1,"P","No",20
65,5,0,"N","Yes",28
65,6,1,"P","No",24
65,6,0,"H","No",24
65,6,0,"P","No",16
65,7,1,"N","No",8
65,7,0,"N","Yes",12
65,7,0,"P","Yes",8
65,8,1,"N","No",16
65,8,0,"P","Yes",28
65,8,0,"H","Yes",32
65,9,0,"H","Yes",32
65,9,0,"H","No",28
65,9,1,"P","No",28
65,10,1,"N","No",8
65,10,0,"H","Yes",24
65,10,0,"N","No",16
66,1,1,"H","Yes",20
66,1,0,"H","No",24
66,1,0,"N","No",12
66,2,1,"N","No",12
66,2,0,"N","No",8
66,2,0,"H","No",20
66,3,0,"H","No",28
66,3,0,"H","Yes",28
66,3,1,"P","Yes",16
66,4,0,"P","No",20
66,4,1,"P","Yes",8
66,4,0,"H","No",28
66,5,0,"H","Yes",24
66,5,0,"H","Yes",20
66,5,1,"P","No",20
66,6,0,"P","Yes",12
66,6,1,"P","Yes",8
66,6,0,"P","No",16
66,7,0,"H","Yes",28
66,7,1,"N","No",12
66,7,0,"N","Yes",20
66,8,0,"H","Yes",28
66,8,0,"H","No",16
66,8,1,"N","No",8
66,9,0,"H","No",32
66,9,0,"P","Yes",28
66,9,1,"P","No",32
66,10,1,"N","Yes",8
66,10,0,"N","No",32
66,10,0,"N","Yes",20
67,1,1,"P","No",20
67,1,0,"H","Yes",28
67,1,0,"N","No",12
67,2,0,"P","Yes",32
67,2,0,"P","No",20
67,2,1,"N","No",20
67,3,1,"N","No",12
67,3,0,"H","No",24
67,3,0,"H","Yes",20
67,4,1,"H","No",12
67,4,0,"H","No",8
67,4,0,"P","No",8
67,5,0,"H","Yes",12
67,5,1,"N","No",24
67,5,0,"N","Yes",8
67,6,1,"P","Yes",24
67,6,0,"P","Yes",20
67,6,0,"P","Yes",32
67,7,1,"P","Yes",20
67,7,0,"H","Yes",32
67,7,0,"P","Yes",16
67,8,0,"H","No",8
67,8,1,"N","Yes",24
67,8,0,"H","No",20
67,9,0,"P","Yes",20
67,9,0,"N","Yes",16
67,9,1,"H","No",12
67,10,1,"N","No",20
67,10,0,"H","No",8
67,10,0,"N","No",16
68,1,0,"P","No",32
68,1,1,"N","No",28
68,1,0,"H","Yes",16
68,2,1,"P","No",8
68,2,0,"H","Yes",32
68,2,0,"H","No",16
68,3,1,"P","Yes",20
68,3,0,"P","Yes",16
68,3,0,"H","No",32
68,4,1,"N","No",24
68,4,0,"P","No",20
68,4,0,"P","No",24
68,5,0,"N","Yes",12
68,5,0,"N","Yes",20
68,5,1,"N","No",20
68,6,0,"H","No",24
68,6,1,"N","No",20
68,6,0,"N","No",24
68,7,0,"N","No",24
68,7,1,"N","Yes",8
68,7,0,"N","Yes",32
68,8,0,"P","Yes",8
68,8,0,"P","Yes",28
68,8,1,"N","Yes",8
68,9,0,"P","Yes",8
68,9,0,"H","No",32
68,9,1,"P","Yes",24
68,10,0,"P","Yes",20
68,10,0,"H","Yes",12
68,10,1,"H","No",12
69,1,0,"N","No",24
69,1,0,"H","No",24
69,1,1,"P","No",32
69,2,1,"P","No",20
69,2,0,"P","Yes",16
69,2,0,"N","Yes",28
69,3,0,"N","No",20
69,3,0,"H","Yes",20
69,3,1,"P","No",24
69,4,1,"H","No",12
69,4,0,"H","Yes",8
69,4,0,"P","Yes",16
69,5,0,"H","No",24
69,5,0,"P","Yes",16
69,5,1,"H","No",16
69,6,1,"N","No",12
69,6,0,"H","No",24
69,6,0,"N","Yes",24
69,7,0,"P","Yes",24
69,7,0,"H","No",32
69,7,1,"H","No",20
69,8,0,"H","Yes",24
69,8,1,"N","No",12
69,8,0,"P","Yes",24
69,9,0,"N","No",12
69,9,1,"P","Yes",8
69,9,0,"H","No",8
69,10,0,"P","Yes",8
69,10,0,"H","No",16
69,10,1,"P","No",32
70,1,1,"P","Yes",16
70,1,0,"P","Yes",32
70,1,0,"N","No",28
70,2,0,"H","No",20
70,2,0,"H","Yes",12
70,2,1,"N","Yes",8
70,3,1,"P","No",24
70,3,0,"P","Yes",24
70,3,0,"P","Yes",32
70,4,0,"N","No",28
70,4,1,"P","Yes",8
70,4,0,"P","Yes",32
70,5,1,"N","Yes",8
70,5,0,"H","No",28
70,5,0,"P","Yes",20
70,6,0,"H","Yes",32
70,6,1,"N","No",24
70,6,0,"N","No",20
70,7,0,"H","No",28
70,7,0,"P","No",28
70,7,1,"P","No",16
70,8,0,"P","Yes",32
70,8,1,"P","Yes",16
70,8,0,"P","Yes",12
70,9,0,"P","Yes",12
70,9,1,"H","No",8
70,9,0,"P","Yes",24
70,10,1,"N","No",8
70,10,0,"P","No",12
70,10,0,"P","Yes",20
71,1,1,"N","No",8
71,1,0,"H","No",32
71,1,0,"P","Yes",20
71,2,0,"H","Yes",16
71,2,1,"N","No",16
71,2,0,"N","No",28
71,3,1,"P","No",12
71,3,0,"H","Yes",28
71,3,0,"N","Yes",16
71,4,0,"P","No",28
71,4,1,"P","Yes",20
71,4,0,"H","No",12
71,5,0,"P","Yes",8
71,5,1,"N","No",8
71,5,0,"P","No",8
71,6,0,"P","No",28
71,6,0,"N","No",28
71,6,1,"N","No",32
71,7,1,"P","No",8
71,7,0,"N","Yes",32
71,7,0,"N","No",20
71,8,1,"H","Yes",8
71,8,0,"H","Yes",32
71,8,0,"H","Yes",16
71,9,1,"N","No",28
71,9,0,"N","No",32
71,9,0,"H","No",32
71,10,0,"H","No",32
71,10,1,"H","Yes",8
71,10,0,"P","Yes",8
72,1,1,"P","No",12
72,1,0,"H","No",12
72,1,0,"H","No",16
72,2,0,"N","Yes",16
72,2,1,"P","No",12
72,2,0,"H","No",32
72,3,0,"N","No",16
72,3,1,"N","Yes",8
72,3,0,"N","Yes",12
72,4,0,"N","No",12
72,4,0,"P","No",16
72,4,1,"N","Yes",8
72,5,0,"N","Yes",24
72,5,1,"P","Yes",8
72,5,0,"N","No",28
72,6,0,"N","Yes",12
72,6,1,"N","No",28
72,6,0,"H","No",28
72,7,0,"N","Yes",20
72,7,0,"H","Yes",28
72,7,1,"P","No",24
72,8,0,"P","No",12
72,8,1,"H","Yes",8
72,8,0,"H","No",20
72,9,1,"N","Yes",16
72,9,0,"N","Yes",28
72,9,0,"H","No",8
72,10,0,"H","Yes",20
72,10,0,"N","Yes",24
72,10,1,"P","Yes",20
73,1,0,"N","Yes",28
73,1,0,"H","Yes",28
73,1,1,"N","No",12
73,2,0,"H","Yes",20
73,2,1,"N","No",8
73,2,0,"N","Yes",28
73,3,0,"P","Yes",28
73,3,1,"H","Yes",28
73,3,0,"P","No",32
73,4,0,"P","No",28
73,4,0,"N","No",24
73,4,1,"H","No",16
73,5,0,"N","Yes",32
73,5,1,"N","No",8
73,5,0,"P","Yes",28
73,6,1,"N","No",8
73,6,0,"N","No",12
73,6,0,"N","Yes",24
73,7,0,"H","Yes",32
73,7,0,"N","Yes",24
73,7,1,"H","No",20
73,8,0,"P","No",28
73,8,1,"N","No",32
73,8,0,"P","Yes",16
73,9,1,"H","No",12
73,9,0,"N","Yes",20
73,9,0,"H","No",32
73,10,1,"H","No",8
73,10,0,"P","Yes",8
73,10,0,"N","Yes",20
74,1,1,"H","No",16
74,1,0,"P","No",24
74,1,0,"H","No",20
74,2,1,"P","No",28
74,2,0,"P","No",16
74,2,0,"H","Yes",24
74,3,1,"N","No",32
74,3,0,"H","Yes",16
74,3,0,"P","No",32
74,4,0,"H","Yes",32
74,4,1,"H","No",16
74,4,0,"P","Yes",32
74,5,1,"N","No",20
74,5,0,"P","Yes",16
74,5,0,"P","Yes",28
74,6,0,"P","Yes",12
74,6,1,"N","Yes",28
74,6,0,"N","Yes",24
74,7,1,"P","No",24
74,7,0,"N","Yes",8
74,7,0,"N","Yes",28
74,8,1,"H","No",8
74,8,0,"P","Yes",20
74,8,0,"N","No",24
74,9,1,"P","No",8
74,9,0,"N","Yes",16
74,9,0,"H","Yes",12
74,10,0,"N","No",28
74,10,1,"H","No",12
74,10,0,"H","No",24
75,1,1,"N","No",12
75,1,0,"N","Yes",24
75,1,0,"H","No",32
75,2,0,"N","Yes",28
75,2,1,"P","No",32
75,2,0,"P","Yes",28
75,3,0,"P","No",28
75,3,1,"N","No",8
75,3,0,"H","Yes",32
75,4,0,"H","Yes",28
75,4,1,"N","Yes",12
75,4,0,"H","No",16
75,5,0,"N","Yes",32
75,5,1,"N","Yes",8
75,5,0,"P","No",28
75,6,0,"H","No",24
75,6,1,"N","Yes",12
75,6,0,"N","No",32
75,7,0,"N","No",20
75,7,0,"N","Yes",16
75,7,1,"N","No",16
75,8,0,"N","Yes",8
75,8,0,"H","Yes",32
75,8,1,"P","Yes",16
75,9,0,"N","No",28
75,9,1,"N","Yes",16
75,9,0,"H","Yes",8
75,10,0,"P","No",16
75,10,1,"N","Yes",20
75,10,0,"N","Yes",24
76,1,0,"P","No",28
76,1,0,"P","Yes",16
76,1,1,"P","No",12
76,2,1,"H","No",16
76,2,0,"N","No",20
76,2,0,"H","No",28
76,3,1,"H","Yes",8
76,3,0,"H","No",24
76,3,0,"N","No",32
76,4,0,"N","No",28
76,4,1,"P","No",16
76,4,0,"P","No",12
76,5,0,"N","No",28
76,5,0,"H","No",8
76,5,1,"H","No",12
76,6,1,"N","Yes",8
76,6,0,"N","No",32
76,6,0,"P","No",32
76,7,1,"H","Yes",12
76,7,0,"N","No",8
76,7,0,"H","Yes",28
76,8,0,"N","No",20
76,8,1,"P","No",8
76,8,0,"P","No",12
76,9,0,"H","Yes",24
76,9,1,"N","No",16
76,9,0,"P","Yes",24
76,10,0,"P","No",28
76,10,1,"P","No",20
76,10,0,"H","No",28
77,1,1,"P","No",8
77,1,0,"P","No",16
77,1,0,"H","Yes",28
77,2,0,"P","Yes",20
77,2,0,"H","Yes",12
77,2,1,"P","Yes",8
77,3,0,"P","No",8
77,3,1,"N","No",20
77,3,0,"P","Yes",28
77,4,0,"H","Yes",12
77,4,0,"H","Yes",20
77,4,1,"N","No",20
77,5,0,"P","No",12
77,5,1,"P","Yes",20
77,5,0,"H","Yes",24
77,6,0,"N","No",12
77,6,0,"H","No",28
77,6,1,"H","No",16
77,7,1,"N","No",32
77,7,0,"H","Yes",24
77,7,0,"P","No",28
77,8,0,"P","No",20
77,8,1,"P","No",28
77,8,0,"P","No",24
77,9,0,"H","No",32
77,9,0,"N","Yes",16
77,9,1,"H","No",16
77,10,0,"N","No",28
77,10,0,"P","No",28
77,10,1,"P","Yes",32
78,1,0,"H","Yes",12
78,1,0,"N","Yes",32
78,1,1,"P","Yes",16
78,2,0,"H","Yes",8
78,2,0,"H","Yes",20
78,2,1,"N","No",8
78,3,1,"N","No",16
78,3,0,"N","No",20
78,3,0,"N","Yes",28
78,4,1,"P","No",16
78,4,0,"N","Yes",28
78,4,0,"P","No",28
78,5,0,"P","Yes",16
78,5,0,"H","Yes",16
78,5,1,"P","No",20
78,6,0,"N","No",12
78,6,1,"H","No",16
78,6,0,"P","No",8
78,7,1,"H","Yes",8
78,7,0,"P","Yes",24
78,7,0,"N","No",24
78,8,1,"H","No",12
78,8,0,"P","Yes",16
78,8,0,"H","Yes",20
78,9,1,"H","No",20
78,9,0,"H","No",16
78,9,0,"N","No",12
78,10,0,"H","Yes",12
78,10,0,"P","No",8
78,10,1,"N","No",32
79,1,1,"H","No",32
79,1,0,"N","No",16
79,1,0,"P","Yes",28
79,2,0,"N","Yes",20
79,2,1,"H","No",32
79,2,0,"N","No",24
79,3,1,"H","No",12
79,3,0,"P","Yes",24
79,3,0,"N","No",32
79,4,0,"H","No",16
79,4,0,"H","Yes",16
79,4,1,"H","Yes",8
79,5,1,"N","No",8
79,5,0,"N","Yes",12
79,5,0,"N","No",32
79,6,0,"H","Yes",8
79,6,0,"P","No",12
79,6,1,"H","Yes",12
79,7,1,"H","No",8
79,7,0,"P","No",16
79,7,0,"P","Yes",8
79,8,0,"P","No",28
79,8,0,"H","Yes",32
79,8,1,"N","No",28
79,9,0,"N","No",28
79,9,1,"N","No",24
79,9,0,"H","Yes",12
79,10,1,"H","No",8
79,10,0,"N","No",8
79,10,0,"H","Yes",16
80,1,0,"N","Yes",20
80,1,1,"P","Yes",12
80,1,0,"H","Yes",8
80,2,1,"N","No",8
80,2,0,"N","Yes",16
80,2,0,"H","Yes",32
80,3,1,"N","Yes",16
80,3,0,"N","Yes",12
80,3,0,"H","No",8
80,4,0,"H","No",24
80,4,0,"P","Yes",28
80,4,1,"H","No",28
80,5,1,"P","Yes",16
80,5,0,"N","No",28
80,5,0,"N","Yes",12
80,6,0,"N","No",24
80,6,1,"H","Yes",28
80,6,0,"H","Yes",24
80,7,0,"H","No",28
80,7,0,"P","No",32
80,7,1,"N","Yes",8
80,8,0,"P","No",28
80,8,0,"H","Yes",32
80,8,1,"H","No",20
80,9,1,"N","Yes",16
80,9,0,"P","Yes",32
80,9,0,"P","No",16
80,10,1,"N","No",8
80,10,0,"H","Yes",8
80,10,0,"N","Yes",32
81,1,0,"H","No",12
81,1,1,"P","No",16
81,1,0,"P","Yes",28
81,2,0,"H","Yes",20
81,2,0,"N","No",12
81,2,1,"N","Yes",12
81,3,0,"P","Yes",24
81,3,1,"N","Yes",8
81,3,0,"H","Yes",20
81,4,0,"H","Yes",16
81,4,0,"H","No",16
81,4,1,"H","No",20
81,5,0,"P","Yes",20
81,5,1,"N","Yes",16
81,5,0,"P","Yes",12
81,6,0,"N","No",28
81,6,0,"P","Yes",32
81,6,1,"N","Yes",8
81,7,1,"P","Yes",12
81,7,0,"H","No",20
81,7,0,"P","Yes",20
81,8,0,"N","No",28
81,8,1,"P","Yes",8
81,8,0,"N","No",24
81,9,1,"N","Yes",8
81,9,0,"N","No",16
81,9,0,"H","Yes",20
81,10,0,"P","Yes",28
81,10,1,"N","Yes",12
81,10,0,"H","Yes",32
82,1,0,"N","Yes",8
82,1,0,"H","No",32
82,1,1,"N","Yes",16
82,2,1,"P","No",8
82,2,0,"N","No",28
82,2,0,"P","Yes",20
82,3,1,"N","No",20
82,3,0,"N","No",8
82,3,0,"H","No",32
82,4,0,"H","No",28
82,4,0,"N","No",12
82,4,1,"N","Yes",8
82,5,0,"H","No",28
82,5,1,"N","No",32
82,5,0,"P","Yes",24
82,6,0,"P","Yes",8
82,6,0,"P","Yes",28
82,6,1,"H","No",24
82,7,1,"P","Yes",12
82,7,0,"N","Yes",28
82,7,0,"H","No",28
82,8,0,"P","No",24
82,8,1,"H","No",16
82,8,0,"H","Yes",28
82,9,1,"P","No",8
82,9,0,"P","No",20
82,9,0,"N","No",28
82,10,1,"H","No",20
82,10,0,"P","Yes",24
82,10,0,"N","Yes",20
83,1,0,"P","Yes",32
83,1,1,"P","No",20
83,1,0,"H","Yes",28
83,2,0,"P","Yes",12
83,2,1,"N","Yes",20
83,2,0,"P","Yes",8
83,3,1,"N","No",28
83,3,0,"H","Yes",32
83,3,0,"N","Yes",8
83,4,0,"N","No",32
83,4,0,"P","Yes",32
83,4,1,"N","No",12
83,5,0,"H","Yes",16
83,5,1,"N","Yes",16
83,5,0,"N","Yes",20
83,6,0,"P","No",28
83,6,0,"P","No",20
83,6,1,"P","No",16
83,7,0,"N","Yes",32
83,7,1,"H","No",16
83,7,0,"P","No",24
83,8,1,"N","Yes",8
83,8,0,"P","No",32
83,8,0,"H","Yes",32
83,9,1,"N","Yes",12
83,9,0,"H","Yes",28
83,9,0,"N","Yes",16
83,10,1,"H","No",8
83,10,0,"N","Yes",32
83,10,0,"H","Yes",20
84,1,1,"P","Yes",12
84,1,0,"H","Yes",24
84,1,0,"N","Yes",32
84,2,1,"P","Yes",20
84,2,0,"N","No",24
84,2,0,"P","Yes",24
84,3,0,"P","Yes",32
84,3,0,"N","No",20
84,3,1,"N","Yes",8
84,4,0,"P","No",28
84,4,1,"N","Yes",8
84,4,0,"P","Yes",16
84,5,0,"N","Yes",8
84,5,1,"N","No",8
84,5,0,"P","No",12
84,6,0,"N","No",28
84,6,0,"N","Yes",28
84,6,1,"P","Yes",12
84,7,1,"P","No",8
84,7,0,"H","No",8
84,7,0,"N","Yes",32
84,8,1,"P","Yes",24
84,8,0,"H","No",32
84,8,0,"N","No",28
84,9,0,"H","No",12
84,9,1,"N","No",16
84,9,0,"P","No",24
84,10,1,"H","Yes",20
84,10,0,"N","Yes",8
84,10,0,"P","Yes",32
85,1,0,"H","No",24
85,1,0,"P","Yes",28
85,1,1,"H","No",20
85,2,0,"P","Yes",8
85,2,0,"P","No",8
85,2,1,"N","No",24
85,3,0,"P","Yes",16
85,3,1,"N","No",28
85,3,0,"P","Yes",24
85,4,0,"N","No",16
85,4,1,"N","Yes",8
85,4,0,"N","Yes",16
85,5,0,"H","No",12
85,5,1,"P","No",16
85,5,0,"H","No",20
85,6,0,"H","Yes",8
85,6,1,"H","No",20
85,6,0,"H","Yes",32
85,7,0,"H","No",16
85,7,1,"H","No",8
85,7,0,"P","Yes",24
85,8,0,"H","No",8
85,8,1,"N","No",12
85,8,0,"H","No",28
85,9,0,"P","Yes",20
85,9,0,"H","Yes",24
85,9,1,"H","No",20
85,10,1,"P","No",16
85,10,0,"N","No",28
85,10,0,"H","No",8
86,1,0,"H","No",16
86,1,0,"N","Yes",16
86,1,1,"P","No",24
86,2,1,"P","Yes",8
86,2,0,"P","Yes",24
86,2,0,"H","No",12
86,3,1,"P","No",24
86,3,0,"N","No",32
86,3,0,"N","No",20
86,4,0,"H","No",28
86,4,0,"N","No",32
86,4,1,"H","Yes",16
86,5,0,"N","Yes",20
86,5,1,"N","Yes",8
86,5,0,"N","Yes",24
86,6,1,"N","No",16
86,6,0,"P","No",16
86,6,0,"P","No",24
86,7,1,"P","No",20
86,7,0,"N","No",16
86,7,0,"P","No",12
86,8,0,"H","Yes",24
86,8,1,"H","No",20
86,8,0,"N","No",32
86,9,0,"H","Yes",28
86,9,0,"P","No",32
86,9,1,"P","No",16
86,10,0,"P","Yes",32
86,10,0,"N","Yes",24
86,10,1,"P","No",12
87,1,0,"N","Yes",28
87,1,1,"H","Yes",12
87,1,0,"H","No",8
87,2,0,"P","No",32
87,2,0,"H","No",28
87,2,1,"P","No",12
87,3,0,"P","No",24
87,3,1,"N","No",24
87,3,0,"H","Yes",12
87,4,0,"H","Yes",12
87,4,1,"N","Yes",16
87,4,0,"N","Yes",8
87,5,0,"N","Yes",12
87,5,0,"N","No",8
87,5,1,"N","No",12
87,6,0,"H","Yes",32
87,6,1,"N","Yes",24
87,6,0,"H","No",16
87,7,1,"H","No",8
87,7,0,"N","No",16
87,7,0,"P","Yes",8
87,8,0,"P","No",8
87,8,1,"N","Yes",12
87,8,0,"H","Yes",24
87,9,0,"H","No",32
87,9,0,"P","Yes",16
87,9,1,"N","Yes",8
87,10,0,"N","Yes",8
87,10,0,"P","Yes",12
87,10,1,"N","Yes",20
88,1,0,"N","Yes",32
88,1,1,"N","No",12
88,1,0,"P","Yes",16
88,2,0,"P","Yes",28
88,2,0,"N","Yes",32
88,2,1,"N","No",12
88,3,1,"H","No",24
88,3,0,"N","Yes",20
88,3,0,"H","No",28
88,4,0,"P","Yes",12
88,4,1,"H","Yes",12
88,4,0,"N","Yes",20
88,5,0,"H","Yes",20
88,5,0,"P","Yes",20
88,5,1,"P","No",32
88,6,1,"P","Yes",12
88,6,0,"N","No",12
88,6,0,"P","Yes",32
88,7,0,"H","Yes",24
88,7,0,"P","Yes",32
88,7,1,"H","Yes",20
88,8,0,"N","No",32
88,8,0,"H","Yes",24
88,8,1,"H","No",12
88,9,1,"N","No",16
88,9,0,"H","No",24
88,9,0,"H","Yes",28
88,10,0,"H","No",32
88,10,0,"H","No",20
88,10,1,"N","Yes",12
89,1,0,"N","Yes",16
89,1,1,"P","Yes",16
89,1,0,"N","Yes",28
89,2,0,"N","Yes",28
89,2,1,"H","No",8
89,2,0,"H","No",20
89,3,1,"N","Yes",8
89,3,0,"H","No",16
89,3,0,"H","Yes",12
89,4,0,"N","Yes",16
89,4,1,"N","Yes",24
89,4,0,"N","Yes",28
89,5,0,"P","No",32
89,5,1,"N","No",32
89,5,0,"H","No",32
89,6,1,"H","No",16
89,6,0,"P","Yes",28
89,6,0,"H","No",12
89,7,0,"H","No",16
89,7,0,"P","No",28
89,7,1,"P","No",16
89,8,0,"H","Yes",20
89,8,0,"P","Yes",24
89,8,1,"H","No",32
89,9,0,"N","Yes",24
89,9,0,"H","No",20
89,9,1,"H","No",24
89,10,0,"N","Yes",8
89,10,0,"P","Yes",24
89,10,1,"N","No",8
90,1,0,"P","Yes",32
90,1,0,"N","No",8
90,1,1,"N","Yes",8
90,2,1,"N","Yes",8
90,2,0,"H","No",20
90,2,0,"N","Yes",32
90,3,0,"H","Yes",32
90,3,0,"P","Yes",16
90,3,1,"N","No",32
90,4,0,"N","No",32
90,4,1,"N","No",8
90,4,0,"N","Yes",20
90,5,1,"N","Yes",8
90,5,0,"H","No",12
90,5,0,"N","Yes",20
90,6,1,"N","No",16
90,6,0,"H","No",32
90,6,0,"P","No",20
90,7,0,"H","No",32
90,7,1,"P","No",24
90,7,0,"H","Yes",8
90,8,1,"P","No",12
90,8,0,"N","No",12
90,8,0,"H","No",8
90,9,0,"P","Yes",28
90,9,0,"P","Yes",16
90,9,1,"P","No",32
90,10,0,"H","Yes",16
90,10,1,"P","No",32
90,10,0,"N","Yes",24
91,1,0,"H","Yes",20
91,1,0,"H","No",16
91,1,1,"P","Yes",24
91,2,0,"H","Yes",32
91,2,1,"P","No",20
91,2,0,"P","Yes",12
91,3,0,"H","No",32
91,3,1,"N","No",8
91,3,0,"H","Yes",32
91,4,0,"H","Yes",20
91,4,0,"H","Yes",16
91,4,1,"N","Yes",16
91,5,0,"H","Yes",16
91,5,0,"N","Yes",24
91,5,1,"N","Yes",8
91,6,1,"N","Yes",16
91,6,0,"P","Yes",28
91,6,0,"H","No",20
91,7,0,"P","No",20
91,7,0,"H","Yes",8
91,7,1,"N","No",16
91,8,0,"N","Yes",28
91,8,0,"H","No",12
91,8,1,"H","Yes",8
91,9,1,"P","No",16
91,9,0,"P","Yes",32
91,9,0,"H","No",20
91,10,0,"P","No",20
91,10,0,"P","Yes",20
91,10,1,"H","Yes",8
92,1,0,"P","Yes",32
92,1,0,"P","No",8
92,1,1,"P","Yes",20
92,2,0,"H","No",24
92,2,0,"H","No",32
92,2,1,"P","No",20
92,3,1,"H","No",32
92,3,0,"P","Yes",32
92,3,0,"P","No",32
92,4,0,"P","Yes",32
92,4,0,"N","Yes",12
92,4,1,"H","No",24
92,5,1,"H","Yes",20
92,5,0,"P","Yes",8
92,5,0,"P","No",24
92,6,1,"N","No",24
92,6,0,"H","Yes",24
92,6,0,"H","No",24
92,7,1,"N","No",12
92,7,0,"N","Yes",32
92,7,0,"H","No",32
92,8,0,"P","No",20
92,8,1,"N","No",24
92,8,0,"P","No",32
92,9,0,"P","No",20
92,9,1,"N","Yes",8
92,9,0,"N","No",8
92,10,0,"H","No",28
92,10,0,"H","Yes",20
92,10,1,"H","Yes",24
93,1,0,"N","Yes",28
93,1,1,"N","No",20
93,1,0,"N","Yes",24
93,2,1,"H","Yes",16
93,2,0,"P","Yes",20
93,2,0,"P","Yes",28
93,3,0,"H","No",28
93,3,0,"N","No",24
93,3,1,"P","No",28
93,4,1,"P","Yes",20
93,4,0,"P","Yes",32
93,4,0,"N","Yes",24
93,5,0,"P","No",28
93,5,0,"H","Yes",24
93,5,1,"P","No",24
93,6,0,"H","No",8
93,6,1,"N","No",8
93,6,0,"H","Yes",16
93,7,1,"P","Yes",8
93,7,0,"N","No",28
93,7,0,"P","Yes",16
93,8,1,"P","No",16
93,8,0,"P","Yes",8
93,8,0,"N","Yes",12
93,9,1,"H","Yes",8
93,9,0,"H","Yes",16
93,9,0,"N","Yes",16
93,10,1,"N","No",32
93,10,0,"H","Yes",16
93,10,0,"P","Yes",16
94,1,0,"H","Yes",28
94,1,0,"H","Yes",32
94,1,1,"P","No",20
94,2,1,"N","No",28
94,2,0,"H","Yes",16
94,2,0,"P","Yes",20
94,3,0,"P","Yes",28
94,3,1,"H","No",20
94,3,0,"N","Yes",16
94,4,1,"H","No",8
94,4,0,"N","Yes",28
94,4,0,"H","Yes",20
94,5,1,"N","No",20
94,5,0,"H","No",16
94,5,0,"P","No",8
94,6,0,"N","Yes",32
94,6,0,"P","No",16
94,6,1,"P","No",24
94,7,0,"N","No",28
94,7,1,"N","No",8
94,7,0,"P","Yes",28
94,8,0,"P","Yes",12
94,8,0,"H","Yes",8
94,8,1,"N","No",8
94,9,0,"H","No",16
94,9,0,"H","No",20
94,9,1,"P","No",8
94,10,1,"N","No",20
94,10,0,"N","Yes",8
94,10,0,"P","Yes",16
95,1,1,"H","Yes",16
95,1,0,"N","Yes",20
95,1,0,"N","Yes",24
95,2,1,"P","No",24
95,2,0,"N","No",32
95,2,0,"H","No",16
95,3,0,"N","Yes",32
95,3,1,"N","No",28
95,3,0,"H","Yes",28
95,4,1,"H","No",24
95,4,0,"N","No",28
95,4,0,"N","Yes",24
95,5,0,"H","No",20
95,5,1,"H","No",32
95,5,0,"P","Yes",20
95,6,0,"H","Yes",24
95,6,0,"N","Yes",24
95,6,1,"N","No",20
95,7,0,"N","Yes",20
95,7,0,"P","Yes",28
95,7,1,"H","Yes",32
95,8,0,"P","Yes",16
95,8,0,"P","No",28
95,8,1,"N","Yes",20
95,9,1,"P","Yes",8
95,9,0,"H","No",32
95,9,0,"H","Yes",28
95,10,0,"N","Yes",12
95,10,0,"N","No",28
95,10,1,"P","Yes",12
96,1,0,"H","No",32
96,1,0,"H","Yes",8
96,1,1,"N","No",12
96,2,1,"H","Yes",24
96,2,0,"N","No",24
96,2,0,"H","No",16
96,3,0,"H","Yes",28
96,3,0,"P","No",28
96,3,1,"N","No",16
96,4,0,"P","Yes",12
96,4,0,"N","Yes",28
96,4,1,"N","No",16
96,5,0,"P","No",12
96,5,1,"N","No",12
96,5,0,"N","No",24
96,6,1,"N","No",8
96,6,0,"H","Yes",16
96,6,0,"P","Yes",8
96,7,1,"P","No",16
96,7,0,"H","Yes",12
96,7,0,"P","Yes",12
96,8,0,"N","Yes",32
96,8,0,"N","No",8
96,8,1,"N","Yes",16
96,9,1,"P","No",8
96,9,0,"P","No",16
96,9,0,"N","No",28
96,10,0,"P","Yes",28
96,10,1,"P","No",8
96,10,0,"P","Yes",16
97,1,0,"P","Yes",24
97,1,1,"P","No",8
97,1,0,"N","Yes",8
97,2,1,"N","No",12
97,2,0,"H","Yes",16
97,2,0,"P","No",16
97,3,1,"N","Yes",12
97,3,0,"P","Yes",16
97,3,0,"H","Yes",20
97,4,0,"N","Yes",28
97,4,0,"H","Yes",28
97,4,1,"H","No",12
97,5,0,"P","No",20
97,5,1,"P","No",12
97,5,0,"H","Yes",20
97,6,0,"N","No",28
97,6,1,"H","No",12
97,6,0,"P","Yes",20
97,7,0,"P","Yes",32
97,7,1,"N","Yes",12
97,7,0,"H","No",28
97,8,1,"H","Yes",12
97,8,0,"P","Yes",12
97,8,0,"P","Yes",16
97,9,1,"P","Yes",28
97,9,0,"H","No",20
97,9,0,"H","Yes",32
97,10,0,"H","Yes",20
97,10,0,"N","Yes",20
97,10,1,"P","No",20
98,1,0,"N","Yes",28
98,1,0,"H","Yes",16
98,1,1,"N","Yes",32
98,2,0,"H","Yes",16
98,2,1,"N","No",8
98,2,0,"N","No",32
98,3,0,"N","No",12
98,3,1,"H","No",12
98,3,0,"H","No",8
98,4,0,"N","Yes",20
98,4,0,"H","No",32
98,4,1,"P","Yes",8
98,5,0,"N","No",24
98,5,0,"H","Yes",28
98,5,1,"P","No",12
98,6,1,"N","No",20
98,6,0,"H","Yes",16
98,6,0,"P","Yes",24
98,7,1,"N","Yes",24
98,7,0,"N","Yes",12
98,7,0,"N","Yes",28
98,8,1,"H","No",16
98,8,0,"N","Yes",20
98,8,0,"H","Yes",24
98,9,0,"N","Yes",12
98,9,1,"P","No",24
98,9,0,"N","No",20
98,10,1,"P","No",20
98,10,0,"P","No",32
98,10,0,"H","Yes",20
99,1,0,"H","Yes",24
99,1,0,"H","No",12
99,1,1,"P","No",12
99,2,0,"P","No",28
99,2,0,"P","No",20
99,2,1,"N","No",24
99,3,0,"P","Yes",28
99,3,1,"N","Yes",12
99,3,0,"P","No",12
99,4,0,"N","Yes",16
99,4,1,"P","Yes",16
99,4,0,"P","No",24
99,5,0,"N","Yes",8
99,5,0,"N","No",16
99,5,1,"N","Yes",12
99,6,0,"H","No",20
99,6,0,"P","Yes",24
99,6,1,"N","No",20
99,7,0,"P","No",32
99,7,0,"N","No",24
99,7,1,"H","No",8
99,8,0,"P","Yes",12
99,8,1,"H","No",16
99,8,0,"H","Yes",16
99,9,1,"N","No",8
99,9,0,"P","Yes",28
99,9,0,"P","No",32
99,10,1,"N","No",32
99,10,0,"N","No",12
99,10,0,"N","Yes",12
100,1,0,"P","No",20
100,1,1,"N","Yes",8
100,1,0,"P","Yes",16
100,2,1,"N","No",28
100,2,0,"H","No",12
100,2,0,"H","Yes",32
100,3,1,"N","Yes",8
100,3,0,"P","No",28
100,3,0,"H","No",28
100,4,0,"H","Yes",20
100,4,1,"P","No",16
100,4,0,"P","No",24
100,5,0,"H","Yes",12
100,5,1,"P","Yes",20
100,5,0,"N","No",28
100,6,1,"P","No",8
100,6,0,"N","Yes",20
100,6,0,"P","Yes",16
100,7,1,"P","No",20
100,7,0,"P","Yes",28
100,7,0,"N","Yes",12
100,8,1,"P","No",20
100,8,0,"H","Yes",28
100,8,0,"P","Yes",28
100,9,0,"H","No",28
100,9,1,"H","No",12
100,9,0,"P","Yes",8
100,10,0,"N","Yes",28
100,10,0,"H","No",24
100,10,1,"H","No",16
